Date,Mode,Role,God,Enemy,K,D,A,Duration,Result
1/10/2025,Conquest,Solo,Bellona,Amaterasu,9,5,11,0:38:36,Win
1/10/2025,Conquest,Solo,Bellona,Mulan,2,5,4,0:29:12,Win
1/10/2025,Conquest,Solo,Amaterasu,Hades,0,2,0,0:12:59,Win
1/10/2025,Conquest,Carry,Jing Wei,Ullr,5,8,8,0:33:37,Lose 
1/11/2025,Conquest,Jungle,Nemisis,Loki,0,1,0,0:13:55,Win
1/11/2025,Conquest,Support,Yemoja,Geb,0,5,3,0:26:10,Lose 
1/12/2025,Conquest,Solo,Bellona,Nu Wa,5,6,1,0:26:13,Lose 
1/12/2025,Conquest,Support,Yemoja,Sobek,3,4,9,0:24:11,Win
1/12/2025,Conquest,Carry,Jing Wei,Sol,7,6,8,0:30:36,Win
1/12/2025,Conquest,Middle,Morrigan,Anubis,2,5,1,0:22:38,Lose 
1/15/2025,Conquest,Jungle,Pele,Loki,8,12,16,0:45:09,Lose 
1/16/2025,Conquest,Support,Hecate,Baron Samedi,0,3,2,0:15:30,Win
1/16/2025,Conquest,Solo,Bellona,Mulan,8,5,7,0:31:19,Win
1/16/2025,Conquest,Solo,Bellona,Hercules,11,2,10,0:39:08,Win
1/16/2025,Conquest,Solo,Bellona,Sol,3,3,3,0:24:24,Win
1/16/2025,Conquest,Solo,Bellona,Ymir,8,10,14,0:42:40,Lose 
1/16/2025,Conquest,Carry,Neith ,Neith,3,0,3,0:15:59,Win
1/16/2025,Conquest,Solo,Bellona,Hercules,3,4,0,0:27:32,Win
1/16/2025,Conquest,Support,Athena,Sobek,2,12,16,0:36:05,Lose 
1/17/2025,Conquest,Support,Aphrodite,Ymir,2,4,4,0:23:46,Win
1/19/2025,Conquest,Support,Hecate,Hecate,4,7,22,0:51:37,Win
1/19/2025,Conquest,Solo,Bellona,Chaac,2,1,5,0:25:38,Win
1/20/2025,Conquest,Solo,Bellona,Amaterasu,4,8,9,0:33:35,Lose 
1/20/2025,Conquest,Middle,Morrigan,Agni,6,5,3,0:22:39,Win
1/20/2025,Conquest,Middle,Nu Wa,Thanatos,0,13,12,0:48:16,Lose 
1/20/2025,Conquest,Carry,Neith ,Medusa,0,5,0,0:25:36,Lose 
1/20/2025,Conquest,Solo,Bellona,Cabrakan,6,7,2,0:38:59,Lose 
1/21/2025,Conquest,Middle,Neith ,Ra,0,5,3,0:27:59,Lose 
1/21/2025,Conquest,Carry,Sol,Anhur,7,3,16,0:32:54,Win
1/21/2025,Conquest,Solo,Bellona,Hercules,2,6,3,0:25:28,Win
1/21/2025,Conquest,Carry,Neith ,Zeus,3,7,6,0:38:40,Lose 
7/15/2025,Conquest,Solo,Bellona,Cabrakan,0,2,1,0:13:46,Lose 
7/18/2025,Conquest,Solo,Bellona,Mordred,7,5,13,0:43:53,Lose 
7/29/2025,Conquest,Jungle,Awilix,Odin,10,12,14,0:45:50,Win
7/31/2025,Conquest,Jungle,Pele,Kali,6,6,10,0:37:00,Win
7/31/2025,Conquest,Support,Aphrodite,Ares,0,11,12,0:34:39,Lose 
8/25/2025,Conquest,Solo,Bellona,Nemsis,1,4,1,0:27:00,Lose 
8/28/2025,Conquest,Solo,Bellona,Mordred,2,0,0,0:20:26,Win
8/28/2025,Conquest,Middle,Aphrodite,Anubis,4,9,7,0:36:27,Lose 
9/1/2025,Conquest,Support,Jormungandr,Ymir,1,12,10,0:39:50,Lose 
9/1/2025,Conquest,Solo,Mulan,Jormungandr,5,9,10,0:41:12,Lose 
9/1/2025,Conquest,Solo,Amaterasu,Anubis,5,4,4,0:34:36,Lose 
9/1/2025,Conquest,Solo,Amaterasu,Achilles,6,7,16,0:40:46,Win
9/1/2025,Conquest,Solo,Amaterasu,Jormungandr,0,1,0,0:12:32,Win
9/1/2025,Conquest,Solo,Mulan,Morrigan,3,11,6,0:40:17,Lose 
9/1/2025,Conquest,Support,Cerberus,Ganesha,1,2,1,0:15:28,Lose 
9/1/2025,Conquest,Jungle,Awilix,Thanatos,11,6,11,0:38:24,Win
9/1/2025,Conquest,Solo,Mulan,Amaterasu,11,2,15,0:40:41,Win
9/1/2025,Conquest,Solo,Mulan,Hercules,6,6,12,0:40:54,Win
9/1/2025,Conquest,Solo,Mulan,Achilles,6,6,8,0:43:40,Win
9/1/2025,Conquest,Solo,Mulan,Thor,5,13,11,0:48:36,Lose 
9/3/2025,Conquest,Middle,Bari,Janus,0,5,0,0:18:38,Lose 
9/5/2025,Conquest,Support,Aphrodite,Khepri,1,9,21,0:43:03,Win
9/8/2025,Conquest,Solo,Mulan,Bellona,3,5,12,0:32:52,Win
9/8/2025,Conquest,Support,Aphrodite,Loki,1,5,9,0:40:52,Lose 
9/8/2025,Conquest,Solo,Mulan,Bellona,2,5,2,0:30:51,Win
9/8/2025,Conquest,Solo,Mulan,Hercules,0,2,0,0:18:17,Lose 
9/9/2025,Conquest,Support,Aphrodite,Ra,0,10,40,1:00:55,Win
9/25/2025,Conquest,Support,Aphrodite,Geb,0,4,3,0:20:00,Lose 
12/21/2025,Conquest,Jungle,Awilix,Susano,16,12,16,0:44:49,Win
12/21/2025,Conquest,Solo,Artio,Nu Wa,3,8,27,0:44:26,Win
12/22/2025,Conquest,Middle,Neith ,Awilix,11,8,6,0:37:34,Lose 
12/28/2025,Conquest,Support,Yemoja,Jormungandr,0,0,10,0:20:06,Win
12/28/2025,Conquest,Support,Yemoja,Bacchus,2,2,3,0:20:21,Win
12/28/2025,Conquest,Carry,Sol,Anhur,11,4,11,0:37:16,Win
12/28/2025,Conquest,Support,Yemoja,Sobek,1,10,16,0:41:55,Lose 
12/30/2025,Conquest,Solo,Mulan,Neith,3,7,3,0:33:09,Lose 
12/30/2025,Conquest,Middle,Eset,Anubis,9,8,4,0:27:17,Lose 
12/30/2025,Conquest,Support,Yemoja,Nut,1,4,20,0:40:26,Win
12/30/2025,Conquest,Support,Yemoja,Khepri,0,4,7,0:20:13,Win
12/30/2025,Conquest,Support,Yemoja,Jormungandr,6,11,17,0:43:36,Lose 
12/30/2025,Conquest,Carry,Sol,Izanami,12,3,6,0:29:21,Win
12/30/2025,Conquest,Carry,Sol,Danzaburou,6,9,10,0:38:50,Lose 
12/31/2025,Conquest,Solo,Mulan,Ullr,5,6,15,0:43:54,Win
12/31/2025,Conquest,Support,Yemoja,Jormungandr,1,0,2,0:18:31,Lose 
12/31/2025,Conquest,Solo,Mulan,Nemsis,8,5,3,0:23:54,Win
12/31/2025,Conquest,Carry,Sol,Neith,16,8,11,0:44:11,Win
12/31/2025,Conquest,Solo,Mulan,Mordred,0,2,0,0:12:44,Lose 
12/31/2025,Conquest,Solo,Mulan,Hercules,3,7,5,0:31:42,Lose 
1/1/2026,Conquest,Solo,Mulan,Sun Wukong,1,8,4,0:27:50,Lose 
1/1/2026,Conquest,Carry,Sol,Cupid,7,7,12,0:39:33,Win
1/1/2026,Conquest,Middle,Sol,Neith,0,9,3,0:37:08,Lose 
1/2/2026,Conquest,Solo,Mulan,Cerberus,4,10,10,0:44:17,Lose 
1/4/2026,Conquest,Solo,Bellona,Mordred,8,7,13,0:36:57,Win
1/4/2026,Conquest,Solo,Bellona,Artio,3,5,10,0:33:40,Win
1/7/2026,Conquest,Solo,Bellona,Thor,2,3,1,0:18:28,Win
1/7/2026,Conquest,Solo,Bellona,Jormungandr,2,5,2,0:18:51,Lose 
1/7/2026,Conquest,Carry,Sol,Danzaburou,4,17,7,0:54:14,Lose 
1/10/2025,Conquest,Solo,Bellona,Amaterasu,9,5,11,0:38:36,Win
1/10/2025,Conquest,Solo,Bellona,Hua Mulan,2,5,4,0:29:12,Win
1/10/2025,Conquest,Solo,Amaterasu,Hades,0,2,0,0:12:59,Win
1/10/2025,Conquest,Carry,Jin Wei,Ullr,5,8,8,0:33:37,Lose 
1/11/2025,Conquest,Jungle,Nemisis,Loki,0,1,0,0:13:55,Win
1/11/2025,Conquest,Support,Yemoja,Geb,0,5,3,0:26:10,Lose 
1/21/2026,Conquest,Carry,Jing Wei,Discordia,6,9,5,0:38:03,Lose 
1/22/2026,Conquest,Solo,Bellona,Danzaburou,12,5,13,0:36:27,Win
1/25/2026,Conquest,Solo,Bellona,Sun Wukong,0,1,1,0:18:07,Win
1/25/2026,Conquest,Jungle,Bellona,Tsukuyomi,4,7,12,0:35:56,Lose 
1/26/2026,Conquest,Solo,Bellona,Osiris,17,5,10,0:39:48,Win
1/26/2026,Conquest,Middle,Eset,Nu Wa,5,7,7,0:38:18,Lose 
1/26/2026,Conquest,Solo,Bellona,Sun Wukong,10,10,11,0:48:14,Win
1/26/2026,Conquest,Solo,Bellona,Mulan,1,5,0,0:18:34,Lose 
1/26/2026,Conquest,Middle,Eset,Danzaburou,1,11,5,0:36:56,Lose 
1/27/2026,Conquest,Solo,Bellona,Baron Samedi,14,6,19,0:43:34,Win
1/27/2026,Conquest,Solo,Bellona,Mulan,2,1,0,0:13:52,Lose 
1/27/2026,Conquest,Solo,Bellona,Kukulkan,8,4,6,0:37:22,Win
1/27/2026,Conquest,Solo,Bellona,Thor,1,1,0,0:15:13,Win
1/27/2026,Conquest,Solo,Bellona,Cerberus,5,6,12,0:48:06,Win
1/28/2026,Conquest,Solo,Bellona,Chiron,6,6,14,0:34:20,Win
1/28/2026,Conquest,Support,Yemoja,Eset,2,0,11,0:18:07,Win
1/28/2026,Conquest,Solo,Bellona,Chaac,1,2,0,0:26:07,Lose 
1/28/2026,Conquest,Support,Yemoja,Khepri,4,5,28,0:57:27,Win
1/28/2026,Conquest,Support,Yemoja,Sobek,0,4,1,0:20:38,Lose 
1/29/2026,Conquest,Solo,Bellona,Amaterasu,3,6,1,0:37:36,Lose 
2/2/2026,Conquest,Support,Yemoja,Achilles,2,2,3,0:19:27,Lose 
2/2/2026,Conquest,Solo,Bellona,Hou Yi,11,9,16,0:50:26,Win
2/2/2026,Conquest,Solo,Bellona,Thor,1,7,1,0:26:24,Lose 
2/3/2026,Conquest,Support,Yemoja,Khepri,1,3,9,0:23:02,Win
2/5/2026,Conquest,Solo,Amaterasu,Osiris,1,8,2,0:35:34,Lose 
2/10/2026,Conquest,Solo,Mulan,Bellona,6,2,4,0:25:26,Win
2/10/2026,Conquest,Middle,Hecate,Discordia,2,6,0,0:22:39,Lose 
2/10/2026,Conquest,Support,Aphrodite,Ganesha,4,4,18,0:32:52,Win
2/10/2026,Conquest,Solo,Mulan,NeZha,11,6,13,0:34:01,Win
2/15/2026,Conquest,Support,Aphrodite,Sylvanus,2,3,18,0:43:55,Win
2/16/2026,Conquest,Support,Aphrodite,Artio,0,8,5,0:33:09,Lose 
2/16/2026,Conquest,Solo,Mulan,NeZha,1,5,0,0:18:02,Lose 
